size,mode,time
256,serial,13.46757173538208
256,parallel,0.0660243034362793
512,serial,13.46605364481608
512,parallel,0.07139698664347331
1024,serial,13.686288595199585
1024,parallel,0.0909579594930013
